Tick,Position_Row,Position_Col,Current_Action,Target,Node_Status,Items_Collected,Exploration_Percent
0,0,2,Exploring,"(0, 3)",RUNNING,0,0.36%
1,0,3,Idle/Deciding,None,SUCCESS,0,0.60%
2,2,2,Exploring,"(3, 1)",RUNNING,0,0.72%
3,4,2,Exploring,"(5, 1)",RUNNING,0,1.12%
4,6,2,Exploring,"(7, 1)",RUNNING,0,1.52%
5,6,4,Exploring,"(5, 5)",RUNNING,0,1.92%
6,6,6,Exploring,"(5, 7)",RUNNING,0,2.32%
7,6,8,Exploring,"(5, 9)",RUNNING,0,2.72%
8,6,10,Exploring,"(5, 11)",RUNNING,0,3.12%
9,6,12,Exploring,"(5, 13)",RUNNING,0,3.52%
10,6,14,Exploring,"(5, 15)",RUNNING,0,3.92%
11,6,16,Exploring,"(5, 17)",RUNNING,0,4.32%
12,8,16,Exploring,"(9, 15)",RUNNING,0,4.72%
13,8,18,Exploring,"(7, 19)",RUNNING,0,5.12%
14,10,17,Exploring,"(11, 16)",RUNNING,0,5.52%
15,12,18,Exploring,"(13, 17)",RUNNING,0,5.92%
16,10,18,Exploring,"(4, 19)",RUNNING,0,6.40%
17,8,17,Exploring,"(4, 19)",RUNNING,0,6.40%
18,6,17,Exploring,"(4, 19)",RUNNING,0,6.40%
19,4,19,Exploring,"(4, 19)",RUNNING,0,6.48%
20,5,20,Exploring,"(7, 21)",RUNNING,0,7.08%
21,7,20,Idle/Deciding,None,RUNNING,0,7.32%
22,9,20,Exploring,"(10, 21)",RUNNING,0,7.48%
23,11,20,Exploring,"(12, 21)",RUNNING,0,7.64%
24,13,20,Exploring,"(14, 21)",RUNNING,0,7.80%
25,15,20,Exploring,"(16, 19)",RUNNING,0,8.08%
26,17,20,Exploring,"(18, 19)",RUNNING,0,8.48%
27,17,22,Exploring,"(16, 23)",RUNNING,0,8.88%
28,18,24,Exploring,"(17, 25)",RUNNING,0,9.28%
29,18,26,Exploring,"(17, 27)",RUNNING,0,9.80%
30,18,28,Exploring,"(17, 29)",RUNNING,0,10.20%
31,20,28,Exploring,"(21, 27)",RUNNING,0,10.60%
32,20,30,Exploring,"(19, 31)",RUNNING,0,11.00%
33,22,30,Exploring,"(23, 29)",RUNNING,0,11.40%
34,21,32,Exploring,"(20, 33)",RUNNING,0,11.80%
35,20,33,Idle/Deciding,None,SUCCESS,0,12.20%
36,18,33,Exploring,"(17, 32)",RUNNING,0,12.48%
37,17,32,Idle/Deciding,None,SUCCESS,0,12.88%
38,15,32,Exploring,"(14, 31)",RUNNING,0,13.08%
39,16,31,Exploring,"(15, 29)",RUNNING,0,13.48%
40,16,31,Idle/Deciding,None,RUNNING,0,13.56%
41,16,29,Exploring,"(15, 28)",RUNNING,0,13.56%
42,16,31,Exploring,"(12, 33)",RUNNING,0,13.72%
43,14,33,Exploring,"(12, 33)",RUNNING,0,13.72%
44,12,33,Exploring,"(12, 33)",RUNNING,0,14.04%
45,11,32,Exploring,"(9, 31)",RUNNING,0,14.44%
46,11,32,Idle/Deciding,None,RUNNING,0,14.76%
47,9,34,Exploring,"(8, 33)",RUNNING,0,14.76%
48,9,34,Exploring,"(7, 37)",RUNNING,0,15.32%
49,8,36,Exploring,"(7, 37)",RUNNING,0,15.32%
50,7,38,Exploring,"(6, 39)",RUNNING,0,15.84%
51,7,38,Exploring,"(5, 35)",RUNNING,0,16.36%
52,6,36,Exploring,"(5, 35)",RUNNING,0,16.36%
53,7,38,Exploring,"(15, 36)",RUNNING,0,16.64%
54,8,36,Exploring,"(15, 36)",RUNNING,0,16.64%
55,9,34,Exploring,"(15, 36)",RUNNING,0,16.64%
56,11,32,Exploring,"(15, 36)",RUNNING,0,16.64%
57,13,34,Exploring,"(15, 36)",RUNNING,0,16.64%
58,15,34,Exploring,"(15, 36)",RUNNING,0,16.80%
59,15,36,Exploring,"(15, 36)",RUNNING,0,16.88%
60,14,37,Exploring,"(13, 39)",RUNNING,0,17.28%
61,14,39,Idle/Deciding,None,RUNNING,0,17.56%
62,14,41,Exploring,"(13, 42)",RUNNING,0,17.96%
63,16,40,Exploring,"(17, 39)",RUNNING,0,18.36%
64,18,39,Exploring,"(19, 38)",RUNNING,0,18.72%
65,19,38,Idle/Deciding,None,SUCCESS,0,19.16%
66,20,40,Exploring,"(21, 41)",RUNNING,0,19.48%
67,22,40,Exploring,"(23, 39)",RUNNING,0,19.84%
68,24,40,Exploring,"(25, 39)",RUNNING,0,20.24%
69,26,40,Exploring,"(27, 39)",RUNNING,0,20.64%
70,28,40,Exploring,"(29, 39)",RUNNING,0,21.04%
71,26,40,Exploring,"(23, 43)",RUNNING,0,21.44%
72,24,41,Exploring,"(23, 43)",RUNNING,0,21.44%
73,24,43,Idle/Deciding,None,RUNNING,0,21.64%
74,22,44,Exploring,"(21, 43)",RUNNING,0,22.04%
75,21,42,Exploring,"(19, 43)",RUNNING,0,22.48%
76,21,42,Idle/Deciding,None,RUNNING,0,22.56%
77,23,44,Exploring,"(23, 35)",RUNNING,0,22.56%
78,24,42,Exploring,"(23, 35)",RUNNING,0,22.60%
79,23,40,Exploring,"(23, 35)",RUNNING,0,22.60%
80,21,40,Exploring,"(23, 35)",RUNNING,0,22.60%
81,19,38,Exploring,"(23, 35)",RUNNING,0,22.60%
82,17,40,Exploring,"(23, 35)",RUNNING,0,22.60%
83,15,40,Exploring,"(23, 35)",RUNNING,0,22.60%
84,14,38,Exploring,"(23, 35)",RUNNING,0,22.60%
85,15,36,Exploring,"(23, 35)",RUNNING,0,22.60%
86,15,34,Exploring,"(23, 35)",RUNNING,0,22.60%
87,15,32,Exploring,"(23, 35)",RUNNING,0,22.60%
88,17,32,Exploring,"(23, 35)",RUNNING,0,22.60%
89,19,34,Exploring,"(23, 35)",RUNNING,0,22.60%
90,21,34,Exploring,"(23, 35)",RUNNING,0,22.60%
91,23,34,Idle/Deciding,None,RUNNING,0,22.72%
92,24,32,Exploring,"(25, 31)",RUNNING,0,23.08%
93,24,30,Exploring,"(25, 29)",RUNNING,0,23.36%
94,24,28,Exploring,"(23, 27)",RUNNING,0,23.52%
95,26,27,Exploring,"(27, 26)",RUNNING,0,23.84%
96,26,25,Exploring,"(25, 24)",RUNNING,0,24.36%
97,25,24,Idle/Deciding,None,SUCCESS,0,24.76%
98,23,24,Exploring,"(22, 23)",RUNNING,0,25.08%
99,25,24,Exploring,"(25, 21)",RUNNING,0,25.40%
100,26,22,Exploring,"(25, 21)",RUNNING,0,25.40%
101,27,24,Exploring,"(29, 23)",RUNNING,0,25.84%
102,28,25,Idle/Deciding,None,RUNNING,0,26.04%
103,30,26,Exploring,"(31, 25)",RUNNING,0,26.28%
104,30,28,Exploring,"(29, 29)",RUNNING,0,26.76%
105,28,29,Exploring,"(27, 30)",RUNNING,0,27.12%
106,27,30,Idle/Deciding,None,SUCCESS,0,27.32%
107,26,32,Exploring,"(27, 33)",RUNNING,0,27.44%
108,26,34,Exploring,"(26, 35)",RUNNING,0,27.60%
109,26,32,Exploring,"(31, 31)",RUNNING,0,27.84%
110,27,30,Exploring,"(31, 31)",RUNNING,0,27.84%
111,29,30,Exploring,"(31, 31)",RUNNING,0,27.84%
112,29,30,Idle/Deciding,None,RUNNING,0,27.96%
113,29,28,Exploring,"(33, 25)",RUNNING,0,27.96%
114,31,26,Exploring,"(33, 25)",RUNNING,0,27.96%
115,33,26,Idle/Deciding,None,RUNNING,0,28.16%
116,33,24,Exploring,"(32, 23)",RUNNING,0,28.56%
117,34,22,Exploring,"(33, 21)",RUNNING,0,28.96%
118,34,24,Exploring,"(14, 23)",RUNNING,0,29.48%
119,33,26,Exploring,"(14, 23)",RUNNING,0,29.56%
120,31,26,Exploring,"(14, 23)",RUNNING,0,29.56%
121,29,26,Exploring,"(14, 23)",RUNNING,0,29.56%
122,27,24,Exploring,"(14, 23)",RUNNING,0,29.56%
123,26,26,Exploring,"(14, 23)",RUNNING,0,29.56%
124,25,28,Exploring,"(14, 23)",RUNNING,0,29.56%
125,24,30,Exploring,"(14, 23)",RUNNING,0,29.56%
126,24,32,Exploring,"(14, 23)",RUNNING,0,29.56%
127,23,34,Exploring,"(14, 23)",RUNNING,0,29.56%
128,21,34,Exploring,"(14, 23)",RUNNING,0,29.56%
129,21,32,Exploring,"(14, 23)",RUNNING,0,29.56%
130,21,30,Exploring,"(14, 23)",RUNNING,0,29.56%
131,19,28,Exploring,"(14, 23)",RUNNING,0,29.56%
132,18,26,Exploring,"(14, 23)",RUNNING,0,29.56%
133,18,24,Exploring,"(14, 23)",RUNNING,0,29.56%
134,17,22,Exploring,"(14, 23)",RUNNING,0,29.56%
135,15,22,Exploring,"(14, 23)",RUNNING,0,29.56%
136,14,23,Idle/Deciding,None,SUCCESS,0,29.72%
137,16,25,Exploring,"(15, 26)",RUNNING,0,29.96%
138,15,26,Idle/Deciding,None,SUCCESS,0,30.04%
139,13,28,Exploring,"(12, 27)",RUNNING,0,30.16%
140,13,30,Exploring,"(10, 29)",RUNNING,0,30.52%
141,11,30,Exploring,"(10, 29)",RUNNING,0,30.52%
142,10,29,Idle/Deciding,None,SUCCESS,0,30.68%
143,10,27,Exploring,"(9, 26)",RUNNING,0,30.96%
144,10,25,Exploring,"(9, 24)",RUNNING,0,31.24%
145,12,25,Exploring,"(7, 23)",RUNNING,0,31.56%
146,12,23,Exploring,"(7, 23)",RUNNING,0,31.56%
147,10,22,Exploring,"(7, 23)",RUNNING,0,31.56%
148,8,22,Exploring,"(7, 23)",RUNNING,0,31.56%
149,6,22,Exploring,"(5, 23)",RUNNING,0,31.72%
150,4,22,Exploring,"(3, 23)",RUNNING,0,31.88%
151,3,24,Exploring,"(2, 25)",RUNNING,0,32.08%
152,2,25,Idle/Deciding,None,SUCCESS,0,32.60%
153,2,27,Exploring,"(1, 28)",RUNNING,0,32.96%
154,2,25,Exploring,"(0, 30)",RUNNING,0,33.36%
155,0,25,Exploring,"(0, 30)",RUNNING,0,33.36%
156,0,27,Exploring,"(0, 30)",RUNNING,0,33.36%
157,0,29,Exploring,"(0, 30)",RUNNING,0,33.36%
158,0,30,Idle/Deciding,None,SUCCESS,0,33.60%
159,0,32,Exploring,"(0, 33)",RUNNING,0,33.72%
160,0,33,Idle/Deciding,None,SUCCESS,0,33.96%
161,0,35,Exploring,"(0, 36)",RUNNING,0,34.08%
162,0,36,Idle/Deciding,None,SUCCESS,0,34.32%
163,2,35,Exploring,"(3, 34)",RUNNING,0,34.44%
164,2,37,Exploring,"(3, 38)",RUNNING,0,34.68%
165,2,39,Exploring,"(1, 40)",RUNNING,0,34.92%
166,2,41,Exploring,"(1, 42)",RUNNING,0,35.32%
167,2,43,Exploring,"(1, 44)",RUNNING,0,35.72%
168,1,44,Idle/Deciding,None,SUCCESS,0,36.12%
169,0,46,Exploring,"(0, 47)",RUNNING,0,36.28%
170,0,47,Idle/Deciding,None,SUCCESS,0,36.52%
171,2,48,Exploring,"(3, 47)",RUNNING,0,36.64%
172,4,47,Exploring,"(5, 46)",RUNNING,0,36.92%
173,4,45,Exploring,"(5, 44)",RUNNING,0,37.32%
174,4,43,Exploring,"(5, 42)",RUNNING,0,37.48%
175,5,42,Idle/Deciding,None,SUCCESS,0,37.64%
176,6,44,Exploring,"(7, 45)",RUNNING,0,37.80%
177,6,46,Exploring,"(7, 47)",RUNNING,0,38.08%
178,8,45,Exploring,"(9, 44)",RUNNING,0,38.24%
179,8,47,Exploring,"(9, 48)",RUNNING,0,38.64%
180,9,48,Idle/Deciding,None,SUCCESS,0,38.88%
181,11,48,Exploring,"(12, 47)",RUNNING,0,39.04%
182,13,48,Exploring,"(14, 47)",RUNNING,0,39.36%
183,15,48,Exploring,"(16, 47)",RUNNING,0,39.68%
184,16,47,Idle/Deciding,None,SUCCESS,0,40.00%
185,14,46,Exploring,"(13, 45)",RUNNING,0,40.36%
186,16,46,Exploring,"(19, 45)",RUNNING,0,40.64%
187,18,46,Exploring,"(19, 45)",RUNNING,0,40.72%
188,18,48,Exploring,"(19, 49)",RUNNING,0,40.96%
189,20,48,Exploring,"(21, 47)",RUNNING,0,41.04%
190,22,48,Exploring,"(23, 47)",RUNNING,0,41.28%
191,20,48,Exploring,"(9, 42)",RUNNING,0,41.52%
192,18,47,Exploring,"(9, 42)",RUNNING,0,41.52%
193,16,47,Exploring,"(9, 42)",RUNNING,0,41.52%
194,14,48,Exploring,"(9, 42)",RUNNING,0,41.52%
195,12,48,Exploring,"(9, 42)",RUNNING,0,41.52%
196,10,48,Exploring,"(9, 42)",RUNNING,0,41.52%
197,8,47,Exploring,"(9, 42)",RUNNING,0,41.52%
198,8,45,Exploring,"(9, 42)",RUNNING,0,41.52%
199,8,43,Exploring,"(9, 42)",RUNNING,0,41.52%
200,8,45,Exploring,"(3, 32)",RUNNING,0,41.72%
201,6,45,Exploring,"(3, 32)",RUNNING,0,41.72%
202,6,43,Exploring,"(3, 32)",RUNNING,0,41.72%
203,4,43,Exploring,"(3, 32)",RUNNING,0,41.72%
204,4,45,Exploring,"(3, 32)",RUNNING,0,41.72%
205,4,47,Exploring,"(3, 32)",RUNNING,0,41.72%
206,2,48,Exploring,"(3, 32)",RUNNING,0,41.72%
207,0,47,Exploring,"(3, 32)",RUNNING,0,41.72%
208,0,45,Exploring,"(3, 32)",RUNNING,0,41.72%
209,2,43,Exploring,"(3, 32)",RUNNING,0,41.72%
210,2,41,Exploring,"(3, 32)",RUNNING,0,41.72%
211,2,39,Exploring,"(3, 32)",RUNNING,0,41.72%
212,2,37,Exploring,"(3, 32)",RUNNING,0,41.72%
213,2,35,Exploring,"(3, 32)",RUNNING,0,41.72%
214,2,33,Exploring,"(3, 32)",RUNNING,0,41.72%
215,3,32,Idle/Deciding,None,SUCCESS,0,41.88%
216,2,34,Exploring,"(5, 29)",RUNNING,0,42.12%
217,1,36,Exploring,"(5, 29)",RUNNING,0,42.12%
218,0,34,Exploring,"(5, 29)",RUNNING,0,42.12%
219,0,32,Exploring,"(5, 29)",RUNNING,0,42.12%
220,1,30,Exploring,"(5, 29)",RUNNING,0,42.12%
221,3,30,Exploring,"(5, 29)",RUNNING,0,42.12%
222,5,30,Idle/Deciding,None,RUNNING,0,42.20%
223,6,28,Exploring,"(5, 27)",RUNNING,0,42.56%
224,4,27,Exploring,"(6, 25)",RUNNING,0,42.76%
225,6,25,Exploring,"(6, 25)",RUNNING,0,42.80%
226,7,24,Exploring,"(6, 33)",RUNNING,0,42.84%
227,8,26,Exploring,"(6, 33)",RUNNING,0,42.84%
228,8,28,Exploring,"(6, 33)",RUNNING,0,42.84%
229,8,30,Exploring,"(6, 33)",RUNNING,0,42.84%
230,7,32,Exploring,"(6, 33)",RUNNING,0,42.84%
231,6,33,Idle/Deciding,None,SUCCESS,0,42.88%
232,4,35,Exploring,"(10, 39)",RUNNING,0,42.88%
233,4,37,Exploring,"(10, 39)",RUNNING,0,42.88%
234,4,39,Exploring,"(10, 39)",RUNNING,0,42.88%
235,6,40,Exploring,"(10, 39)",RUNNING,0,42.88%
236,8,40,Exploring,"(10, 39)",RUNNING,0,42.88%
237,10,39,Exploring,"(10, 39)",RUNNING,0,42.96%
238,10,38,Exploring,"(11, 42)",RUNNING,0,43.16%
239,11,36,Exploring,"(11, 42)",RUNNING,0,43.16%
240,12,38,Exploring,"(11, 42)",RUNNING,0,43.16%
241,12,40,Exploring,"(11, 42)",RUNNING,0,43.16%
242,11,42,Exploring,"(11, 42)",RUNNING,0,43.20%
243,10,43,Exploring,"(11, 45)",RUNNING,0,43.28%
244,10,45,Idle/Deciding,None,RUNNING,0,43.32%
245,12,45,Exploring,"(17, 43)",RUNNING,0,43.32%
246,14,44,Exploring,"(17, 43)",RUNNING,0,43.32%
247,16,44,Exploring,"(17, 43)",RUNNING,0,43.32%
248,17,42,Exploring,"(25, 47)",RUNNING,0,43.40%
249,19,44,Exploring,"(25, 47)",RUNNING,0,43.40%
250,21,46,Exploring,"(25, 47)",RUNNING,0,43.40%
251,23,46,Exploring,"(25, 47)",RUNNING,0,43.40%
252,24,47,Idle/Deciding,None,RUNNING,0,43.48%
253,26,47,Exploring,"(27, 46)",RUNNING,0,43.68%
254,28,48,Exploring,"(29, 47)",RUNNING,0,44.08%
255,30,48,Exploring,"(31, 47)",RUNNING,0,44.40%
256,32,47,Exploring,"(33, 46)",RUNNING,0,44.72%
257,34,46,MoveToItem,"(34, 44)",RUNNING,0,45.24%
258,36,46,MoveToItem,"(34, 44)",RUNNING,0,45.76%
259,38,46,MoveToItem,"(34, 44)",RUNNING,0,46.16%
260,36,46,MoveToItem,"(34, 44)",RUNNING,0,46.56%
261,34,46,MoveToItem,"(34, 44)",RUNNING,0,46.56%
262,32,46,MoveToItem,"(34, 44)",RUNNING,0,46.56%
263,30,46,MoveToItem,"(34, 44)",RUNNING,0,46.64%
264,32,47,MoveToItem,"(34, 44)",RUNNING,0,46.76%
265,30,48,MoveToItem,"(34, 44)",RUNNING,0,46.76%
266,28,48,MoveToItem,"(34, 44)",RUNNING,0,46.76%
267,26,47,MoveToItem,"(34, 44)",RUNNING,0,46.76%
268,26,45,MoveToItem,"(34, 44)",RUNNING,0,46.76%
269,26,45,MoveToItem,"(34, 44)",RUNNING,0,46.88%
270,26,43,MoveToItem,"(34, 44)",RUNNING,0,46.88%
271,28,42,MoveToItem,"(34, 44)",RUNNING,0,46.88%
272,28,43,MoveToItem,"(34, 44)",RUNNING,0,46.96%
273,30,44,MoveToItem,"(34, 44)",RUNNING,0,46.96%
274,30,43,MoveToItem,"(34, 44)",RUNNING,0,47.12%
275,30,43,MoveToItem,"(34, 44)",RUNNING,0,47.20%
276,30,41,MoveToItem,"(34, 44)",RUNNING,0,47.20%
277,30,41,MoveToItem,"(34, 44)",RUNNING,0,47.36%
278,30,39,MoveToItem,"(34, 44)",RUNNING,0,47.36%
279,30,39,MoveToItem,"(34, 44)",RUNNING,0,47.64%
280,28,38,MoveToItem,"(34, 44)",RUNNING,0,47.64%
281,28,38,MoveToItem,"(34, 44)",RUNNING,0,47.80%
282,26,38,MoveToItem,"(34, 44)",RUNNING,0,47.80%
283,26,38,MoveToItem,"(34, 44)",RUNNING,0,47.88%
284,24,38,MoveToItem,"(34, 44)",RUNNING,0,47.88%
285,24,38,MoveToItem,"(34, 44)",RUNNING,0,47.96%
286,22,37,MoveToItem,"(34, 44)",RUNNING,0,47.96%
287,24,36,MoveToItem,"(34, 44)",RUNNING,0,47.96%
288,26,36,MoveToItem,"(34, 44)",RUNNING,0,47.96%
289,28,36,MoveToItem,"(34, 44)",RUNNING,0,47.96%
290,28,34,MoveToItem,"(34, 44)",RUNNING,0,48.12%
291,29,32,MoveToItem,"(34, 44)",RUNNING,0,48.20%
292,30,34,MoveToItem,"(34, 44)",RUNNING,0,48.28%
293,31,36,MoveToItem,"(34, 44)",RUNNING,0,48.56%
294,32,35,MoveToItem,"(34, 44)",RUNNING,0,48.76%
295,34,34,MoveToItem,"(34, 44)",RUNNING,0,49.00%
296,34,32,MoveToItem,"(34, 44)",RUNNING,0,49.48%
297,32,31,MoveToItem,"(34, 44)",RUNNING,0,49.84%
298,32,29,MoveToItem,"(34, 44)",RUNNING,0,49.92%
299,34,29,MoveToItem,"(34, 44)",RUNNING,0,49.92%
300,36,31,MoveToItem,"(34, 44)",RUNNING,0,50.08%
301,37,32,MoveToItem,"(34, 44)",RUNNING,0,50.48%
302,39,32,MoveToItem,"(34, 44)",RUNNING,0,50.76%
303,40,30,MoveToItem,"(34, 44)",RUNNING,0,51.16%
304,38,29,MoveToItem,"(34, 44)",RUNNING,0,51.64%
305,37,28,MoveToItem,"(34, 44)",RUNNING,0,51.84%
306,36,26,MoveToItem,"(34, 44)",RUNNING,0,51.96%
307,36,24,MoveToItem,"(34, 44)",RUNNING,0,52.12%
308,37,22,MoveToItem,"(34, 44)",RUNNING,0,52.28%
309,39,22,MoveToItem,"(34, 44)",RUNNING,0,52.64%
310,40,24,MoveToItem,"(34, 44)",RUNNING,0,53.04%
311,42,24,MoveToItem,"(34, 44)",RUNNING,0,53.44%
312,40,24,MoveToItem,"(34, 44)",RUNNING,0,53.84%
313,38,25,MoveToItem,"(34, 44)",RUNNING,0,53.84%
314,40,27,MoveToItem,"(34, 44)",RUNNING,0,53.84%
315,42,28,MoveToItem,"(34, 44)",RUNNING,0,53.92%
316,43,26,MoveToItem,"(44, 30)",RUNNING,0,54.24%
317,44,28,MoveToItem,"(44, 30)",RUNNING,0,54.44%
318,46,28,MoveToItem,"(44, 30)",RUNNING,0,54.72%
319,46,26,MoveToItem,"(44, 30)",RUNNING,0,55.12%
320,46,24,MoveToItem,"(44, 30)",RUNNING,0,55.36%
321,44,23,MoveToItem,"(44, 30)",RUNNING,0,55.68%
322,43,22,MoveToItem,"(44, 30)",RUNNING,0,55.88%
323,42,20,MoveToItem,"(44, 30)",RUNNING,0,56.04%
324,40,20,MoveToItem,"(44, 30)",RUNNING,0,56.44%
325,38,19,MoveToItem,"(44, 30)",RUNNING,0,56.60%
326,40,18,MoveToItem,"(44, 30)",RUNNING,0,56.96%
327,41,16,MoveToItem,"(44, 30)",RUNNING,0,57.24%
328,43,18,MoveToItem,"(44, 30)",RUNNING,0,57.72%
329,43,18,MoveToItem,"(43, 16)",RUNNING,0,57.96%
330,43,16,MoveToItem,"(43, 16)",RUNNING,0,57.96%
331,42,17,Exploring,"(33, 46)",RUNNING,1,58.12%
332,44,18,Exploring,"(33, 46)",RUNNING,1,58.12%
333,46,18,Idle/Deciding,None,RUNNING,1,58.32%
334,48,17,Exploring,"(49, 16)",RUNNING,1,58.72%
335,48,17,Exploring,"(46, 14)",RUNNING,1,59.04%
336,46,15,Exploring,"(46, 14)",RUNNING,1,59.04%
337,46,13,MoveToItem,"(48, 13)",RUNNING,1,59.36%
338,46,15,MoveToItem,"(48, 13)",RUNNING,1,59.76%
339,48,15,MoveToItem,"(48, 13)",RUNNING,1,59.76%
340,48,13,MoveToItem,"(48, 13)",RUNNING,1,59.84%
341,48,12,MoveToItem,"(48, 11)",RUNNING,2,59.92%
342,48,11,Exploring,"(46, 14)",SUCCESS,3,60.08%
343,48,13,Exploring,"(46, 14)",RUNNING,3,60.24%
344,48,15,Exploring,"(46, 14)",RUNNING,3,60.24%
345,46,15,Exploring,"(46, 14)",RUNNING,3,60.24%
346,46,14,Idle/Deciding,None,SUCCESS,3,60.24%
347,45,12,Exploring,"(43, 11)",RUNNING,3,60.24%
348,44,13,Idle/Deciding,None,RUNNING,3,60.48%
349,42,13,Exploring,"(41, 12)",RUNNING,3,60.60%
350,42,11,Exploring,"(41, 10)",RUNNING,3,60.84%
351,42,9,Exploring,"(41, 8)",RUNNING,3,61.16%
352,41,8,Idle/Deciding,None,SUCCESS,3,61.56%
353,39,6,Exploring,"(38, 5)",RUNNING,3,61.92%
354,38,5,Idle/Deciding,None,SUCCESS,3,62.56%
355,36,3,Exploring,"(35, 2)",RUNNING,3,62.92%
356,35,2,Idle/Deciding,None,SUCCESS,3,63.56%
357,33,0,Exploring,"(32, 0)",RUNNING,3,63.92%
358,32,0,Idle/Deciding,None,SUCCESS,3,64.16%
359,32,2,Exploring,"(31, 3)",RUNNING,3,64.28%
360,32,4,Exploring,"(31, 5)",RUNNING,3,64.52%
361,34,5,Exploring,"(35, 6)",RUNNING,3,64.88%
362,34,7,Exploring,"(33, 8)",RUNNING,3,65.08%
363,34,9,MoveToItem,"(36, 10)",RUNNING,3,65.48%
364,32,11,MoveToItem,"(36, 10)",RUNNING,3,65.88%
365,30,12,MoveToItem,"(36, 10)",RUNNING,3,66.52%
366,29,10,MoveToItem,"(36, 10)",RUNNING,3,67.04%
367,28,12,MoveToItem,"(36, 10)",RUNNING,3,67.48%
368,29,14,MoveToItem,"(36, 10)",RUNNING,3,67.76%
369,29,14,MoveToItem,"(36, 10)",RUNNING,3,68.16%
370,30,16,MoveToItem,"(36, 10)",RUNNING,3,68.16%
371,29,16,MoveToItem,"(36, 10)",RUNNING,3,68.64%
372,29,18,MoveToItem,"(36, 10)",RUNNING,3,68.72%
373,31,18,MoveToItem,"(36, 10)",RUNNING,3,69.04%
374,32,16,MoveToItem,"(36, 10)",RUNNING,3,69.24%
375,33,16,MoveToItem,"(36, 10)",RUNNING,3,69.52%
376,33,16,MoveToItem,"(36, 10)",RUNNING,3,69.72%
377,35,16,MoveToItem,"(36, 10)",RUNNING,3,69.72%
378,35,16,MoveToItem,"(36, 10)",RUNNING,3,69.96%
379,36,18,MoveToItem,"(36, 10)",RUNNING,3,69.96%
380,35,16,MoveToItem,"(36, 10)",RUNNING,3,70.04%
381,33,16,MoveToItem,"(36, 10)",RUNNING,3,70.04%
382,31,18,MoveToItem,"(36, 10)",RUNNING,3,70.04%
383,29,18,MoveToItem,"(36, 10)",RUNNING,3,70.04%
384,29,16,MoveToItem,"(36, 10)",RUNNING,3,70.04%
385,29,14,MoveToItem,"(36, 10)",RUNNING,3,70.04%
386,28,12,MoveToItem,"(36, 10)",RUNNING,3,70.04%
387,29,10,MoveToItem,"(36, 10)",RUNNING,3,70.04%
388,31,12,MoveToItem,"(36, 10)",RUNNING,3,70.04%
389,33,10,MoveToItem,"(36, 10)",RUNNING,3,70.04%
390,34,8,MoveToItem,"(36, 10)",RUNNING,3,70.08%
391,34,6,MoveToItem,"(36, 10)",RUNNING,3,70.08%
392,33,4,MoveToItem,"(36, 10)",RUNNING,3,70.08%
393,32,2,MoveToItem,"(36, 10)",RUNNING,3,70.08%
394,33,0,MoveToItem,"(36, 10)",RUNNING,3,70.08%
395,35,2,MoveToItem,"(36, 10)",RUNNING,3,70.08%
396,37,4,MoveToItem,"(36, 10)",RUNNING,3,70.08%
397,39,6,MoveToItem,"(36, 10)",RUNNING,3,70.12%
398,41,8,MoveToItem,"(36, 10)",RUNNING,3,70.12%
399,42,10,MoveToItem,"(36, 10)",RUNNING,3,70.12%
400,42,12,MoveToItem,"(36, 10)",RUNNING,3,70.12%
401,43,14,MoveToItem,"(36, 10)",RUNNING,3,70.12%
402,45,12,MoveToItem,"(36, 10)",RUNNING,3,70.12%
403,46,14,MoveToItem,"(36, 10)",RUNNING,3,70.12%
404,47,16,MoveToItem,"(36, 10)",RUNNING,3,70.12%
405,47,18,MoveToItem,"(36, 10)",RUNNING,3,70.12%
406,45,18,MoveToItem,"(36, 10)",RUNNING,3,70.16%
407,43,18,MoveToItem,"(36, 10)",RUNNING,3,70.16%
408,41,16,MoveToItem,"(36, 10)",RUNNING,3,70.16%
409,39,18,MoveToItem,"(36, 10)",RUNNING,3,70.16%
410,38,16,MoveToItem,"(36, 10)",RUNNING,3,70.16%
411,38,14,MoveToItem,"(36, 10)",RUNNING,3,70.24%
412,39,14,MoveToItem,"(36, 10)",RUNNING,3,70.56%
413,39,12,MoveToItem,"(36, 10)",RUNNING,3,70.56%
414,38,11,MoveToItem,"(36, 10)",RUNNING,3,70.76%
415,38,9,MoveToItem,"(36, 10)",RUNNING,3,70.84%
416,36,9,MoveToItem,"(36, 10)",RUNNING,3,70.84%
417,36,10,Exploring,"(29, 10)",SUCCESS,4,70.84%
418,37,8,Exploring,"(29, 10)",RUNNING,4,70.84%
419,38,10,Exploring,"(29, 10)",RUNNING,4,70.84%
420,39,12,Exploring,"(29, 10)",RUNNING,4,70.84%
421,39,14,Exploring,"(29, 10)",RUNNING,4,70.84%
422,38,16,Exploring,"(29, 10)",RUNNING,4,70.84%
423,39,18,Exploring,"(29, 10)",RUNNING,4,70.84%
424,41,16,Exploring,"(29, 10)",RUNNING,4,70.84%
425,43,18,Exploring,"(29, 10)",RUNNING,4,70.84%
426,45,18,Exploring,"(29, 10)",RUNNING,4,70.84%
427,47,18,Exploring,"(29, 10)",RUNNING,4,70.84%
428,47,16,Exploring,"(29, 10)",RUNNING,4,70.84%
429,46,14,Exploring,"(29, 10)",RUNNING,4,70.84%
430,45,12,Exploring,"(29, 10)",RUNNING,4,70.84%
431,43,14,Exploring,"(29, 10)",RUNNING,4,70.84%
432,42,12,Exploring,"(29, 10)",RUNNING,4,70.84%
433,42,10,Exploring,"(29, 10)",RUNNING,4,70.84%
434,41,8,Exploring,"(29, 10)",RUNNING,4,70.84%
435,39,6,Exploring,"(29, 10)",RUNNING,4,70.84%
436,37,4,Exploring,"(29, 10)",RUNNING,4,70.84%
437,35,2,Exploring,"(29, 10)",RUNNING,4,70.84%
438,33,0,Exploring,"(29, 10)",RUNNING,4,70.84%
439,32,2,Exploring,"(29, 10)",RUNNING,4,70.84%
440,33,4,Exploring,"(29, 10)",RUNNING,4,70.84%
441,34,6,Exploring,"(29, 10)",RUNNING,4,70.84%
442,34,8,Exploring,"(29, 10)",RUNNING,4,70.84%
443,33,10,Exploring,"(29, 10)",RUNNING,4,70.84%
444,31,12,Exploring,"(29, 10)",RUNNING,4,70.84%
445,29,10,Exploring,"(29, 10)",RUNNING,4,70.84%
446,28,11,Exploring,"(26, 15)",RUNNING,4,70.84%
447,28,13,Exploring,"(26, 15)",RUNNING,4,70.88%
448,30,15,Exploring,"(26, 15)",RUNNING,4,70.92%
449,28,16,Exploring,"(26, 15)",RUNNING,4,70.92%
450,28,16,Idle/Deciding,None,RUNNING,4,71.04%
451,26,16,Exploring,"(25, 15)",RUNNING,4,71.04%
452,28,17,Exploring,"(29, 21)",RUNNING,4,71.44%
453,30,19,Exploring,"(29, 21)",RUNNING,4,71.48%
454,30,19,Idle/Deciding,None,RUNNING,4,71.60%
455,32,17,Exploring,"(30, 22)",RUNNING,4,71.60%
456,34,16,Exploring,"(30, 22)",RUNNING,4,71.60%
457,36,17,Exploring,"(30, 22)",RUNNING,4,71.60%
458,34,19,Exploring,"(30, 22)",RUNNING,4,71.60%
459,32,21,Exploring,"(30, 22)",RUNNING,4,71.60%
460,30,22,Exploring,"(30, 22)",RUNNING,4,71.64%
461,29,22,Exploring,"(25, 19)",RUNNING,4,71.64%
462,27,20,Exploring,"(25, 19)",RUNNING,4,71.64%
463,27,20,Idle/Deciding,None,RUNNING,4,71.68%
464,25,18,Exploring,"(24, 19)",RUNNING,4,71.68%
465,24,16,Exploring,"(23, 15)",RUNNING,4,71.92%
466,24,14,Exploring,"(23, 13)",RUNNING,4,72.20%
467,26,13,Exploring,"(24, 11)",RUNNING,4,72.52%
468,24,12,Idle/Deciding,None,RUNNING,4,72.60%
469,22,12,MoveToItem,"(21, 10)",RUNNING,4,72.84%
470,20,12,MoveToItem,"(21, 10)",RUNNING,4,73.24%
471,20,14,MoveToItem,"(21, 10)",RUNNING,4,73.64%
472,19,16,MoveToItem,"(21, 10)",RUNNING,4,73.96%
473,17,16,MoveToItem,"(21, 10)",RUNNING,4,74.36%
474,17,14,MoveToItem,"(21, 10)",RUNNING,4,74.68%
475,15,14,MoveToItem,"(21, 10)",RUNNING,4,74.92%
476,14,12,MoveToItem,"(21, 10)",RUNNING,4,75.24%
477,13,12,MoveToItem,"(21, 10)",RUNNING,4,75.76%
478,12,10,MoveToItem,"(21, 10)",RUNNING,4,75.96%
479,11,12,MoveToItem,"(21, 10)",RUNNING,4,76.48%
480,11,12,MoveToItem,"(21, 10)",RUNNING,4,76.68%
481,13,12,MoveToItem,"(21, 10)",RUNNING,4,76.68%
482,15,14,MoveToItem,"(21, 10)",RUNNING,4,76.68%
483,17,16,MoveToItem,"(21, 10)",RUNNING,4,76.68%
484,19,16,MoveToItem,"(21, 10)",RUNNING,4,76.68%
485,20,14,MoveToItem,"(21, 10)",RUNNING,4,76.68%
486,21,12,MoveToItem,"(21, 10)",RUNNING,4,76.68%
487,22,14,MoveToItem,"(21, 10)",RUNNING,4,76.68%
488,22,16,MoveToItem,"(21, 10)",RUNNING,4,76.68%
489,22,18,MoveToItem,"(21, 10)",RUNNING,4,76.68%
490,22,18,MoveToItem,"(21, 10)",RUNNING,4,76.92%
491,22,20,MoveToItem,"(21, 10)",RUNNING,4,76.92%
492,23,20,MoveToItem,"(21, 10)",RUNNING,4,77.08%
493,23,22,MoveToItem,"(21, 10)",RUNNING,4,77.08%
494,21,22,MoveToItem,"(21, 10)",RUNNING,4,77.08%
495,20,20,MoveToItem,"(21, 10)",RUNNING,4,77.08%
496,19,18,MoveToItem,"(21, 10)",RUNNING,4,77.08%
497,17,18,MoveToItem,"(21, 10)",RUNNING,4,77.08%
498,15,18,MoveToItem,"(21, 10)",RUNNING,4,77.08%
499,13,16,MoveToItem,"(21, 10)",RUNNING,4,77.08%
500,11,14,MoveToItem,"(21, 10)",RUNNING,4,77.08%
501,9,14,MoveToItem,"(21, 10)",RUNNING,4,77.08%
502,8,12,MoveToItem,"(21, 10)",RUNNING,4,77.08%
503,9,10,MoveToItem,"(21, 10)",RUNNING,4,77.08%
504,10,8,MoveToItem,"(21, 10)",RUNNING,4,77.16%
505,9,8,MoveToItem,"(21, 10)",RUNNING,4,77.48%
506,8,6,MoveToItem,"(21, 10)",RUNNING,4,77.48%
507,8,6,MoveToItem,"(21, 10)",RUNNING,4,77.64%
508,9,4,MoveToItem,"(21, 10)",RUNNING,4,77.64%
509,9,4,MoveToItem,"(21, 10)",RUNNING,4,77.96%
510,11,6,MoveToItem,"(21, 10)",RUNNING,4,77.96%
511,11,6,MoveToItem,"(21, 10)",RUNNING,4,78.20%
512,13,8,MoveToItem,"(21, 10)",RUNNING,4,78.20%
513,13,8,MoveToItem,"(21, 10)",RUNNING,4,78.44%
514,15,10,MoveToItem,"(21, 10)",RUNNING,4,78.44%
515,15,10,MoveToItem,"(21, 10)",RUNNING,4,78.68%
516,17,12,MoveToItem,"(21, 10)",RUNNING,4,78.68%
517,19,10,MoveToItem,"(21, 10)",RUNNING,4,78.68%
518,21,10,MoveToItem,"(21, 10)",RUNNING,4,79.00%
519,20,10,Exploring,"(16, 15)",RUNNING,5,79.16%
520,18,11,Exploring,"(16, 15)",RUNNING,5,79.16%
521,16,11,Exploring,"(16, 15)",RUNNING,5,79.16%
522,14,9,Exploring,"(16, 15)",RUNNING,5,79.16%
523,12,7,Exploring,"(16, 15)",RUNNING,5,79.20%
524,10,5,Exploring,"(16, 15)",RUNNING,5,79.24%
525,8,5,Exploring,"(16, 15)",RUNNING,5,79.28%
526,8,7,Exploring,"(16, 15)",RUNNING,5,79.28%
527,10,9,Exploring,"(16, 15)",RUNNING,5,79.28%
528,8,11,Exploring,"(16, 15)",RUNNING,5,79.28%
529,8,13,Exploring,"(16, 15)",RUNNING,5,79.28%
530,10,14,Exploring,"(16, 15)",RUNNING,5,79.28%
531,12,15,Exploring,"(16, 15)",RUNNING,5,79.28%
532,14,17,Exploring,"(16, 15)",RUNNING,5,79.28%
533,16,18,Exploring,"(16, 15)",RUNNING,5,79.28%
534,18,18,Exploring,"(16, 15)",RUNNING,5,79.28%
535,20,19,Exploring,"(16, 15)",RUNNING,5,79.28%
536,20,21,Exploring,"(16, 15)",RUNNING,5,79.28%
537,22,22,Exploring,"(16, 15)",RUNNING,5,79.28%
538,24,21,Exploring,"(16, 15)",RUNNING,5,79.28%
539,22,19,Exploring,"(16, 15)",RUNNING,5,79.28%
540,22,17,Exploring,"(16, 15)",RUNNING,5,79.28%
541,22,15,Exploring,"(16, 15)",RUNNING,5,79.28%
542,22,13,Exploring,"(16, 15)",RUNNING,5,79.28%
543,20,13,Exploring,"(16, 15)",RUNNING,5,79.28%
544,20,15,Exploring,"(16, 15)",RUNNING,5,79.28%
545,18,16,Exploring,"(16, 15)",RUNNING,5,79.28%
546,16,15,Exploring,"(16, 15)",RUNNING,5,79.28%
547,17,16,Exploring,"(20, 7)",RUNNING,5,79.28%
548,19,16,Exploring,"(20, 7)",RUNNING,5,79.28%
549,20,14,Exploring,"(20, 7)",RUNNING,5,79.28%
550,21,12,Exploring,"(20, 7)",RUNNING,5,79.28%
551,22,14,Exploring,"(20, 7)",RUNNING,5,79.28%
552,22,16,Exploring,"(20, 7)",RUNNING,5,79.28%
553,22,18,Exploring,"(20, 7)",RUNNING,5,79.28%
554,23,20,Exploring,"(20, 7)",RUNNING,5,79.28%
555,23,22,Exploring,"(20, 7)",RUNNING,5,79.28%
556,21,22,Exploring,"(20, 7)",RUNNING,5,79.28%
557,20,20,Exploring,"(20, 7)",RUNNING,5,79.28%
558,19,18,Exploring,"(20, 7)",RUNNING,5,79.28%
559,17,18,Exploring,"(20, 7)",RUNNING,5,79.28%
560,15,18,Exploring,"(20, 7)",RUNNING,5,79.28%
561,13,16,Exploring,"(20, 7)",RUNNING,5,79.28%
562,11,14,Exploring,"(20, 7)",RUNNING,5,79.28%
563,9,14,Exploring,"(20, 7)",RUNNING,5,79.28%
564,8,12,Exploring,"(20, 7)",RUNNING,5,79.28%
565,9,10,Exploring,"(20, 7)",RUNNING,5,79.28%
566,9,8,Exploring,"(20, 7)",RUNNING,5,79.28%
567,8,6,Exploring,"(20, 7)",RUNNING,5,79.28%
568,9,4,Exploring,"(20, 7)",RUNNING,5,79.28%
569,11,6,Exploring,"(20, 7)",RUNNING,5,79.28%
570,13,8,Exploring,"(20, 7)",RUNNING,5,79.28%
571,15,10,Exploring,"(20, 7)",RUNNING,5,79.28%
572,17,12,Exploring,"(20, 7)",RUNNING,5,79.28%
573,19,10,Exploring,"(20, 7)",RUNNING,5,79.28%
574,21,10,Exploring,"(20, 7)",RUNNING,5,79.28%
575,21,8,Exploring,"(20, 7)",RUNNING,5,79.28%
576,20,7,Idle/Deciding,None,SUCCESS,5,79.68%
577,20,5,Exploring,"(19, 4)",RUNNING,5,79.96%
578,20,3,Exploring,"(19, 2)",RUNNING,5,80.36%
579,20,5,Exploring,"(45, 9)",RUNNING,5,80.76%
580,20,7,Exploring,"(45, 9)",RUNNING,5,80.76%
581,22,9,Exploring,"(45, 9)",RUNNING,5,80.76%
582,20,10,Exploring,"(45, 9)",RUNNING,5,80.88%
583,18,11,Exploring,"(45, 9)",RUNNING,5,80.88%
584,16,11,Exploring,"(45, 9)",RUNNING,5,80.88%
585,14,9,Exploring,"(45, 9)",RUNNING,5,80.88%
586,12,7,Exploring,"(45, 9)",RUNNING,5,80.88%
587,10,5,Exploring,"(45, 9)",RUNNING,5,80.88%
588,8,5,Exploring,"(45, 9)",RUNNING,5,80.88%
589,8,7,Exploring,"(45, 9)",RUNNING,5,80.88%
590,10,9,Exploring,"(45, 9)",RUNNING,5,80.88%
591,8,11,Exploring,"(45, 9)",RUNNING,5,80.88%
592,8,13,Exploring,"(45, 9)",RUNNING,5,80.88%
593,10,14,Exploring,"(45, 9)",RUNNING,5,80.88%
594,12,15,Exploring,"(45, 9)",RUNNING,5,80.88%
595,14,17,Exploring,"(45, 9)",RUNNING,5,80.88%
596,16,18,Exploring,"(45, 9)",RUNNING,5,80.88%
597,18,18,Exploring,"(45, 9)",RUNNING,5,80.88%
598,20,19,Exploring,"(45, 9)",RUNNING,5,80.88%
599,20,21,Exploring,"(45, 9)",RUNNING,5,80.88%
600,22,22,Exploring,"(45, 9)",RUNNING,5,80.88%
601,24,21,Exploring,"(45, 9)",RUNNING,5,80.88%
602,22,19,Exploring,"(45, 9)",RUNNING,5,80.88%
603,22,17,Exploring,"(45, 9)",RUNNING,5,80.88%
604,22,15,Exploring,"(45, 9)",RUNNING,5,80.88%
605,22,13,Exploring,"(45, 9)",RUNNING,5,80.88%
606,24,12,Exploring,"(45, 9)",RUNNING,5,80.88%
607,26,13,Exploring,"(45, 9)",RUNNING,5,80.88%
608,24,15,Exploring,"(45, 9)",RUNNING,5,80.88%
609,24,17,Exploring,"(45, 9)",RUNNING,5,80.88%
610,26,19,Exploring,"(45, 9)",RUNNING,5,80.88%
611,28,21,Exploring,"(45, 9)",RUNNING,5,80.88%
612,30,22,Exploring,"(45, 9)",RUNNING,5,80.88%
613,32,21,Exploring,"(45, 9)",RUNNING,5,80.88%
614,34,19,Exploring,"(45, 9)",RUNNING,5,80.88%
615,36,17,Exploring,"(45, 9)",RUNNING,5,80.88%
616,34,16,Exploring,"(45, 9)",RUNNING,5,80.88%
617,32,17,Exploring,"(45, 9)",RUNNING,5,80.88%
618,30,18,Exploring,"(45, 9)",RUNNING,5,80.88%
619,28,17,Exploring,"(45, 9)",RUNNING,5,80.88%
620,30,15,Exploring,"(45, 9)",RUNNING,5,80.88%
621,28,13,Exploring,"(45, 9)",RUNNING,5,80.88%
622,28,11,Exploring,"(45, 9)",RUNNING,5,80.88%
623,30,11,Exploring,"(45, 9)",RUNNING,5,80.88%
624,32,11,Exploring,"(45, 9)",RUNNING,5,80.88%
625,34,9,Exploring,"(45, 9)",RUNNING,5,80.88%
626,34,7,Exploring,"(45, 9)",RUNNING,5,80.88%
627,34,5,Exploring,"(45, 9)",RUNNING,5,80.88%
628,32,3,Exploring,"(45, 9)",RUNNING,5,80.88%
629,32,1,Exploring,"(45, 9)",RUNNING,5,80.88%
630,34,1,Exploring,"(45, 9)",RUNNING,5,80.88%
631,36,3,Exploring,"(45, 9)",RUNNING,5,80.88%
632,38,5,Exploring,"(45, 9)",RUNNING,5,80.88%
633,40,7,Exploring,"(45, 9)",RUNNING,5,80.88%
634,42,9,Exploring,"(45, 9)",RUNNING,5,80.92%
635,42,11,Exploring,"(45, 9)",RUNNING,5,80.92%
636,42,13,Exploring,"(45, 9)",RUNNING,5,80.92%
637,44,13,Exploring,"(45, 9)",RUNNING,5,80.92%
638,46,13,Exploring,"(45, 9)",RUNNING,5,80.92%
639,46,15,Exploring,"(45, 9)",RUNNING,5,80.92%
640,48,15,Exploring,"(45, 9)",RUNNING,5,80.92%
641,48,13,Exploring,"(45, 9)",RUNNING,5,80.92%
642,48,11,Exploring,"(45, 9)",RUNNING,5,80.92%
643,46,10,Exploring,"(45, 9)",RUNNING,5,80.92%
644,46,10,Exploring,"(45, 7)",RUNNING,5,81.12%
645,44,9,Exploring,"(45, 7)",RUNNING,5,81.12%
646,44,9,Idle/Deciding,None,RUNNING,5,81.20%
647,46,7,Exploring,"(45, 6)",RUNNING,5,81.20%
648,46,7,Exploring,"(47, 4)",RUNNING,5,81.68%
649,48,5,Exploring,"(47, 4)",RUNNING,5,81.68%
650,48,7,Exploring,"(49, 8)",RUNNING,5,82.12%
651,48,5,Exploring,"(47, 2)",RUNNING,5,82.16%
652,48,3,Exploring,"(47, 2)",RUNNING,5,82.16%
653,48,3,Exploring,"(47, 0)",RUNNING,5,82.48%
654,48,1,Exploring,"(47, 0)",RUNNING,5,82.48%
655,47,0,Idle/Deciding,None,SUCCESS,5,82.64%
656,45,2,Exploring,"(44, 1)",RUNNING,5,82.76%
657,45,2,Exploring,"(43, 5)",RUNNING,5,83.24%
658,44,4,Exploring,"(43, 5)",RUNNING,5,83.24%
659,44,4,Exploring,"(41, 3)",RUNNING,5,83.40%
660,43,6,Exploring,"(41, 3)",RUNNING,5,83.40%
661,42,4,Exploring,"(41, 3)",RUNNING,5,83.40%
662,41,4,Exploring,"(39, 1)",RUNNING,5,83.52%
663,40,2,Exploring,"(39, 1)",RUNNING,5,83.52%
664,41,4,Exploring,"(35, 13)",RUNNING,5,83.88%
665,43,6,Exploring,"(35, 13)",RUNNING,5,83.88%
666,44,4,Exploring,"(35, 13)",RUNNING,5,83.88%
667,45,2,Exploring,"(35, 13)",RUNNING,5,83.88%
668,47,0,Exploring,"(35, 13)",RUNNING,5,83.88%
669,48,2,Exploring,"(35, 13)",RUNNING,5,83.88%
670,48,4,Exploring,"(35, 13)",RUNNING,5,83.88%
671,47,6,Exploring,"(35, 13)",RUNNING,5,83.88%
672,45,8,Exploring,"(35, 13)",RUNNING,5,83.88%
673,45,10,Exploring,"(35, 13)",RUNNING,5,83.88%
674,47,10,Exploring,"(35, 13)",RUNNING,5,83.88%
675,48,12,Exploring,"(35, 13)",RUNNING,5,83.88%
676,48,14,Exploring,"(35, 13)",RUNNING,5,83.88%
677,48,16,Exploring,"(35, 13)",RUNNING,5,83.88%
678,47,18,Exploring,"(35, 13)",RUNNING,5,83.88%
679,45,18,Exploring,"(35, 13)",RUNNING,5,83.88%
680,43,18,Exploring,"(35, 13)",RUNNING,5,83.88%
681,41,16,Exploring,"(35, 13)",RUNNING,5,83.88%
682,39,18,Exploring,"(35, 13)",RUNNING,5,83.88%
683,38,16,Exploring,"(35, 13)",RUNNING,5,83.88%
684,39,14,Exploring,"(35, 13)",RUNNING,5,83.88%
685,39,12,Exploring,"(35, 13)",RUNNING,5,83.88%
686,38,10,Exploring,"(35, 13)",RUNNING,5,83.88%
687,37,8,Exploring,"(35, 13)",RUNNING,5,83.88%
688,36,10,Exploring,"(35, 13)",RUNNING,5,83.88%
689,36,12,Exploring,"(35, 13)",RUNNING,5,83.88%
690,36,10,Exploring,"(36, 49)",RUNNING,5,83.92%
691,37,8,Exploring,"(36, 49)",RUNNING,5,83.92%
692,38,10,Exploring,"(36, 49)",RUNNING,5,83.92%
693,39,12,Exploring,"(36, 49)",RUNNING,5,83.92%
694,39,14,Exploring,"(36, 49)",RUNNING,5,83.92%
695,38,16,Exploring,"(36, 49)",RUNNING,5,83.92%
696,38,18,Exploring,"(36, 49)",RUNNING,5,83.92%
697,39,20,Exploring,"(36, 49)",RUNNING,5,83.92%
698,41,20,Exploring,"(36, 49)",RUNNING,5,83.92%
699,43,22,Exploring,"(36, 49)",RUNNING,5,83.92%
700,45,24,Exploring,"(36, 49)",RUNNING,5,83.92%
701,46,26,Exploring,"(36, 49)",RUNNING,5,83.92%
702,45,28,Exploring,"(36, 49)",RUNNING,5,83.92%
703,43,26,MoveToItem,"(44, 30)",RUNNING,5,83.92%
704,41,28,MoveToItem,"(44, 30)",RUNNING,5,83.92%
705,39,26,MoveToItem,"(44, 30)",RUNNING,5,83.92%
706,39,24,MoveToItem,"(44, 30)",RUNNING,5,83.92%
707,39,22,MoveToItem,"(44, 30)",RUNNING,5,83.92%
708,37,22,MoveToItem,"(44, 30)",RUNNING,5,83.92%
709,36,24,MoveToItem,"(44, 30)",RUNNING,5,83.92%
710,36,26,MoveToItem,"(44, 30)",RUNNING,5,83.92%
711,37,28,MoveToItem,"(44, 30)",RUNNING,5,83.92%
712,39,30,MoveToItem,"(44, 30)",RUNNING,5,83.92%
713,39,32,MoveToItem,"(44, 30)",RUNNING,5,83.92%
714,37,32,MoveToItem,"(44, 30)",RUNNING,5,83.92%
715,35,30,MoveToItem,"(44, 30)",RUNNING,5,83.92%
716,33,28,MoveToItem,"(44, 30)",RUNNING,5,83.92%
717,32,30,MoveToItem,"(44, 30)",RUNNING,5,83.92%
718,33,32,MoveToItem,"(44, 30)",RUNNING,5,83.92%
719,33,34,MoveToItem,"(44, 30)",RUNNING,5,83.92%
720,31,36,MoveToItem,"(44, 30)",RUNNING,5,83.92%
721,30,34,MoveToItem,"(44, 30)",RUNNING,5,83.92%
722,29,32,MoveToItem,"(44, 30)",RUNNING,5,83.92%
723,28,34,MoveToItem,"(44, 30)",RUNNING,5,83.92%
724,27,36,MoveToItem,"(44, 30)",RUNNING,5,83.92%
725,25,36,MoveToItem,"(44, 30)",RUNNING,5,83.92%
726,23,36,MoveToItem,"(44, 30)",RUNNING,5,83.92%
727,23,38,MoveToItem,"(44, 30)",RUNNING,5,83.92%
728,25,38,MoveToItem,"(44, 30)",RUNNING,5,83.92%
729,27,38,MoveToItem,"(44, 30)",RUNNING,5,83.92%
730,29,38,MoveToItem,"(44, 30)",RUNNING,5,83.92%
731,30,40,MoveToItem,"(44, 30)",RUNNING,5,83.92%
732,30,42,MoveToItem,"(44, 30)",RUNNING,5,83.92%
733,29,44,MoveToItem,"(44, 30)",RUNNING,5,83.92%
734,27,42,MoveToItem,"(44, 30)",RUNNING,5,83.92%
735,26,44,MoveToItem,"(44, 30)",RUNNING,5,83.92%
736,26,46,MoveToItem,"(44, 30)",RUNNING,5,83.92%
737,27,48,MoveToItem,"(44, 30)",RUNNING,5,83.92%
738,29,48,MoveToItem,"(44, 30)",RUNNING,5,83.92%
739,31,48,MoveToItem,"(44, 30)",RUNNING,5,83.92%
740,33,46,MoveToItem,"(44, 30)",RUNNING,5,83.92%
741,35,46,MoveToItem,"(44, 30)",RUNNING,5,83.92%
742,37,46,MoveToItem,"(44, 30)",RUNNING,5,83.92%
743,39,48,MoveToItem,"(44, 30)",RUNNING,5,83.92%
744,39,48,MoveToItem,"(44, 30)",RUNNING,5,84.24%
745,41,48,MoveToItem,"(44, 30)",RUNNING,5,84.24%
746,42,46,MoveToItem,"(44, 30)",RUNNING,5,84.56%
747,41,46,MoveToItem,"(44, 30)",RUNNING,5,85.00%
748,40,44,MoveToItem,"(44, 30)",RUNNING,5,85.00%
749,40,42,MoveToItem,"(44, 30)",RUNNING,5,85.40%
750,40,40,MoveToItem,"(44, 30)",RUNNING,5,85.80%
751,40,38,MoveToItem,"(44, 30)",RUNNING,5,86.20%
752,41,38,MoveToItem,"(44, 30)",RUNNING,5,86.60%
753,42,36,MoveToItem,"(44, 30)",RUNNING,5,86.80%
754,40,35,MoveToItem,"(43, 34)",RUNNING,5,87.24%
755,42,34,MoveToItem,"(43, 34)",RUNNING,5,87.36%
756,43,34,Exploring,"(36, 49)",SUCCESS,6,87.52%
757,41,34,Exploring,"(36, 49)",RUNNING,6,87.72%
758,41,36,Exploring,"(36, 49)",RUNNING,6,87.72%
759,41,38,Exploring,"(36, 49)",RUNNING,6,87.72%
760,40,40,Exploring,"(36, 49)",RUNNING,6,87.72%
761,40,42,Exploring,"(36, 49)",RUNNING,6,87.72%
762,40,44,Exploring,"(36, 49)",RUNNING,6,87.72%
763,41,46,Exploring,"(36, 49)",RUNNING,6,87.72%
764,41,48,Exploring,"(36, 49)",RUNNING,6,87.72%
765,39,48,Exploring,"(36, 49)",RUNNING,6,87.72%
766,37,48,Exploring,"(36, 49)",RUNNING,6,87.72%
767,39,48,Exploring,"(37, 35)",RUNNING,6,87.80%
768,41,48,Exploring,"(37, 35)",RUNNING,6,87.80%
769,41,46,Exploring,"(37, 35)",RUNNING,6,87.80%
770,40,44,Exploring,"(37, 35)",RUNNING,6,87.80%
771,40,42,Exploring,"(37, 35)",RUNNING,6,87.80%
772,40,40,Exploring,"(37, 35)",RUNNING,6,87.80%
773,41,38,Exploring,"(37, 35)",RUNNING,6,87.80%
774,41,36,Exploring,"(37, 35)",RUNNING,6,87.80%
775,39,34,Exploring,"(37, 35)",RUNNING,6,87.80%
776,39,34,Idle/Deciding,None,RUNNING,6,87.88%
777,37,34,Exploring,"(35, 37)",RUNNING,6,87.88%
778,36,36,Exploring,"(35, 37)",RUNNING,6,87.88%
779,35,36,Exploring,"(33, 39)",RUNNING,6,88.16%
780,34,38,Exploring,"(33, 39)",RUNNING,6,88.16%
781,34,38,Exploring,"(33, 41)",RUNNING,6,88.48%
782,34,40,Exploring,"(33, 41)",RUNNING,6,88.48%
783,34,40,Exploring,"(33, 43)",RUNNING,6,88.80%
784,34,42,Exploring,"(33, 43)",RUNNING,6,88.80%
785,32,43,MoveToItem,"(34, 44)",RUNNING,6,88.96%
786,34,44,MoveToItem,"(34, 44)",RUNNING,6,88.96%
787,33,44,Idle/Deciding,None,RUNNING,7,88.96%
788,35,44,Exploring,"(37, 43)",RUNNING,7,88.96%
789,35,44,Idle/Deciding,None,RUNNING,7,89.04%
790,37,44,Exploring,"(37, 41)",RUNNING,7,89.04%
791,38,42,Exploring,"(37, 41)",RUNNING,7,89.04%
792,38,42,Exploring,"(37, 39)",RUNNING,7,89.12%
793,38,40,Exploring,"(37, 39)",RUNNING,7,89.12%
794,38,42,Exploring,"(43, 31)",RUNNING,7,89.16%
795,37,44,Exploring,"(43, 31)",RUNNING,7,89.16%
796,35,44,Exploring,"(43, 31)",RUNNING,7,89.16%
797,33,44,Exploring,"(43, 31)",RUNNING,7,89.16%
798,33,42,Exploring,"(43, 31)",RUNNING,7,89.16%
799,34,40,Exploring,"(43, 31)",RUNNING,7,89.16%
800,34,38,Exploring,"(43, 31)",RUNNING,7,89.16%
801,35,36,Exploring,"(43, 31)",RUNNING,7,89.16%
802,37,34,Exploring,"(43, 31)",RUNNING,7,89.16%
803,39,34,Exploring,"(43, 31)",RUNNING,7,89.16%
804,41,34,Exploring,"(43, 31)",RUNNING,7,89.16%
805,43,34,Exploring,"(43, 31)",RUNNING,7,89.16%
806,44,32,Exploring,"(43, 31)",RUNNING,7,89.16%
807,46,32,MoveToItem,"(44, 30)",RUNNING,7,89.44%
808,48,31,MoveToItem,"(44, 30)",RUNNING,7,89.76%
809,46,30,MoveToItem,"(44, 30)",RUNNING,7,89.96%
810,44,30,MoveToItem,"(44, 30)",RUNNING,7,89.96%
811,45,30,Escaping,"(49, 49)",RUNNING,8,89.96%
812,47,30,Escaping,"(49, 49)",RUNNING,8,89.96%
813,48,30,Escaping,"(49, 49)",RUNNING,8,90.00%
814,48,28,Escaping,"(49, 49)",RUNNING,8,90.00%
815,48,28,Escaping,"(49, 49)",RUNNING,8,90.08%
816,48,26,Escaping,"(49, 49)",RUNNING,8,90.08%
817,48,26,Escaping,"(49, 49)",RUNNING,8,90.16%
818,48,24,Escaping,"(49, 49)",RUNNING,8,90.16%
819,48,24,Escaping,"(49, 49)",RUNNING,8,90.24%
820,48,22,Escaping,"(49, 49)",RUNNING,8,90.24%
821,48,24,Escaping,"(49, 49)",RUNNING,8,90.36%
822,48,26,Escaping,"(49, 49)",RUNNING,8,90.36%
823,48,28,Escaping,"(49, 49)",RUNNING,8,90.36%
824,48,30,Escaping,"(49, 49)",RUNNING,8,90.36%
825,48,32,Escaping,"(49, 49)",RUNNING,8,90.36%
826,48,34,Escaping,"(49, 49)",RUNNING,8,90.40%
827,47,36,Escaping,"(49, 49)",RUNNING,8,90.72%
828,46,37,Escaping,"(49, 49)",SUCCESS,8,91.12%
829,44,39,Escaping,"(49, 49)",RUNNING,8,91.32%
830,44,40,Escaping,"(49, 49)",SUCCESS,8,91.60%
831,42,41,Escaping,"(49, 49)",RUNNING,8,91.76%
832,42,43,Escaping,"(49, 49)",RUNNING,8,91.84%
833,44,44,Escaping,"(49, 49)",RUNNING,8,91.84%
834,46,44,Escaping,"(49, 49)",RUNNING,8,92.16%
835,48,43,Escaping,"(49, 49)",RUNNING,8,92.56%
836,48,45,Escaping,"(49, 49)",RUNNING,8,92.84%
837,48,47,Escaping,"(49, 49)",RUNNING,8,93.04%
838,47,48,Escaping,"(49, 49)",SUCCESS,8,93.36%
839,45,48,Escaping,"(49, 49)",RUNNING,8,93.48%
840,47,48,Escaping,"(49, 49)",RUNNING,8,93.52%
841,48,46,Escaping,"(49, 49)",RUNNING,8,93.52%
842,48,44,Escaping,"(49, 49)",RUNNING,8,93.52%
843,48,42,Escaping,"(49, 49)",RUNNING,8,93.52%
844,47,40,Escaping,"(49, 49)",RUNNING,8,93.64%
845,48,41,Escaping,"(49, 49)",RUNNING,8,93.68%
846,48,43,Escaping,"(49, 49)",RUNNING,8,93.68%
847,46,44,Escaping,"(49, 49)",RUNNING,8,93.68%
848,44,44,Escaping,"(49, 49)",RUNNING,8,93.68%
849,42,43,Escaping,"(49, 49)",RUNNING,8,93.68%
850,42,41,Escaping,"(49, 49)",RUNNING,8,93.68%
851,44,39,Escaping,"(49, 49)",RUNNING,8,93.68%
852,46,37,Escaping,"(49, 49)",RUNNING,8,93.68%
853,48,35,Escaping,"(49, 49)",RUNNING,8,93.68%
854,48,33,Escaping,"(49, 49)",RUNNING,8,93.68%
855,46,32,Escaping,"(49, 49)",RUNNING,8,93.68%
856,44,33,Escaping,"(49, 49)",RUNNING,8,93.68%
857,42,34,Escaping,"(49, 49)",RUNNING,8,93.68%
858,40,35,Escaping,"(49, 49)",RUNNING,8,93.68%
859,42,37,Escaping,"(49, 49)",RUNNING,8,93.68%
860,40,39,Escaping,"(49, 49)",RUNNING,8,93.68%
861,40,41,Escaping,"(49, 49)",RUNNING,8,93.68%
862,40,43,Escaping,"(49, 49)",RUNNING,8,93.68%
863,40,45,Escaping,"(49, 49)",RUNNING,8,93.68%
864,42,47,Escaping,"(49, 49)",RUNNING,8,93.68%
865,40,48,Escaping,"(49, 49)",RUNNING,8,93.68%
866,38,47,Escaping,"(49, 49)",RUNNING,8,93.68%
867,36,46,Escaping,"(49, 49)",RUNNING,8,93.68%
868,34,46,Escaping,"(49, 49)",RUNNING,8,93.68%
869,32,47,Escaping,"(49, 49)",RUNNING,8,93.68%
870,30,48,Escaping,"(49, 49)",RUNNING,8,93.68%
871,28,48,Escaping,"(49, 49)",RUNNING,8,93.68%
872,26,48,Escaping,"(49, 49)",RUNNING,8,93.68%
873,24,47,Escaping,"(49, 49)",RUNNING,8,93.68%
874,22,46,Escaping,"(49, 49)",RUNNING,8,93.68%
875,20,45,Escaping,"(49, 49)",RUNNING,8,93.68%
876,18,43,Escaping,"(49, 49)",RUNNING,8,93.68%
877,16,43,Escaping,"(49, 49)",RUNNING,8,93.68%
878,14,44,Escaping,"(49, 49)",RUNNING,8,93.68%
879,12,45,Escaping,"(49, 49)",RUNNING,8,93.68%
880,10,45,Escaping,"(49, 49)",RUNNING,8,93.68%
881,10,43,Escaping,"(49, 49)",RUNNING,8,93.68%
882,12,41,Escaping,"(49, 49)",RUNNING,8,93.68%
883,12,39,Escaping,"(49, 49)",RUNNING,8,93.68%
884,12,37,Escaping,"(49, 49)",RUNNING,8,93.68%
885,10,37,Escaping,"(49, 49)",RUNNING,8,93.68%
886,10,39,Escaping,"(49, 49)",RUNNING,8,93.68%
887,8,40,Escaping,"(49, 49)",RUNNING,8,93.68%
888,6,40,Escaping,"(49, 49)",RUNNING,8,93.68%
889,4,39,Escaping,"(49, 49)",RUNNING,8,93.68%
890,4,37,Escaping,"(49, 49)",RUNNING,8,93.68%
891,4,35,Escaping,"(49, 49)",RUNNING,8,93.68%
892,6,33,Escaping,"(49, 49)",RUNNING,8,93.68%
893,8,31,Escaping,"(49, 49)",RUNNING,8,93.68%
894,8,29,Escaping,"(49, 49)",RUNNING,8,93.68%
895,8,27,Escaping,"(49, 49)",RUNNING,8,93.68%
896,8,25,Escaping,"(49, 49)",RUNNING,8,93.68%
897,6,25,Escaping,"(49, 49)",RUNNING,8,93.68%
898,4,27,Escaping,"(49, 49)",RUNNING,8,93.68%
899,6,29,Escaping,"(49, 49)",RUNNING,8,93.68%
900,4,30,Escaping,"(49, 49)",RUNNING,8,93.68%
901,2,30,Escaping,"(49, 49)",RUNNING,8,93.68%
902,0,29,Escaping,"(49, 49)",RUNNING,8,93.68%
903,0,27,Escaping,"(49, 49)",RUNNING,8,93.68%
904,0,25,Escaping,"(49, 49)",RUNNING,8,93.68%
905,2,24,Escaping,"(49, 49)",RUNNING,8,93.68%
906,4,23,Escaping,"(49, 49)",RUNNING,8,93.72%
907,6,22,Escaping,"(49, 49)",RUNNING,8,93.72%
908,8,22,Escaping,"(49, 49)",RUNNING,8,93.72%
909,10,22,Escaping,"(49, 49)",RUNNING,8,93.72%
910,12,23,Escaping,"(49, 49)",RUNNING,8,93.72%
911,12,25,Escaping,"(49, 49)",RUNNING,8,93.72%
912,10,27,Escaping,"(49, 49)",RUNNING,8,93.72%
913,10,29,Escaping,"(49, 49)",RUNNING,8,93.72%
914,12,30,Escaping,"(49, 49)",RUNNING,8,93.72%
915,14,29,Escaping,"(49, 49)",RUNNING,8,93.72%
916,14,27,Escaping,"(49, 49)",RUNNING,8,93.72%
917,16,25,Escaping,"(49, 49)",RUNNING,8,93.72%
918,14,23,Escaping,"(49, 49)",RUNNING,8,93.72%
919,16,22,Escaping,"(49, 49)",RUNNING,8,93.72%
920,18,21,Escaping,"(49, 49)",RUNNING,8,93.72%
921,16,20,Escaping,"(49, 49)",RUNNING,8,93.72%
922,14,20,Escaping,"(49, 49)",RUNNING,8,93.72%
923,12,20,Escaping,"(49, 49)",RUNNING,8,93.72%
924,10,20,Escaping,"(49, 49)",RUNNING,8,93.72%
925,8,20,Escaping,"(49, 49)",RUNNING,8,93.72%
926,6,20,Escaping,"(49, 49)",RUNNING,8,93.72%
927,4,19,Escaping,"(49, 49)",RUNNING,8,93.72%
928,6,17,Escaping,"(49, 49)",RUNNING,8,93.72%
929,6,15,Escaping,"(49, 49)",RUNNING,8,93.72%
930,6,13,Escaping,"(49, 49)",RUNNING,8,93.72%
931,6,11,Escaping,"(49, 49)",RUNNING,8,93.72%
932,6,9,Escaping,"(49, 49)",RUNNING,8,93.72%
933,6,7,Escaping,"(49, 49)",RUNNING,8,93.72%
934,6,5,Escaping,"(49, 49)",RUNNING,8,93.72%
935,6,3,Escaping,"(49, 49)",RUNNING,8,93.72%
936,4,2,Escaping,"(49, 49)",RUNNING,8,93.72%
937,2,2,Escaping,"(49, 49)",RUNNING,8,93.72%
938,0,3,Escaping,"(49, 49)",RUNNING,8,93.72%
939,2,4,Escaping,"(49, 49)",RUNNING,8,93.72%
940,2,5,Escaping,"(49, 49)",RUNNING,8,93.92%
941,2,5,Escaping,"(49, 49)",RUNNING,8,94.08%
942,2,7,Escaping,"(49, 49)",RUNNING,8,94.08%
943,1,8,Escaping,"(49, 49)",SUCCESS,8,94.40%
944,0,10,Escaping,"(49, 49)",RUNNING,8,94.56%
945,1,10,Escaping,"(49, 49)",RUNNING,8,94.80%
946,1,10,Escaping,"(49, 49)",RUNNING,8,94.88%
947,1,12,Escaping,"(49, 49)",RUNNING,8,94.88%
948,0,13,Escaping,"(49, 49)",SUCCESS,8,95.20%
949,2,14,Escaping,"(49, 49)",RUNNING,8,95.32%
950,2,14,Escaping,"(49, 49)",RUNNING,8,95.52%
951,4,15,Escaping,"(49, 49)",RUNNING,8,95.52%
952,2,16,Escaping,"(49, 49)",RUNNING,8,95.52%
953,2,17,Escaping,"(49, 49)",RUNNING,8,95.68%
954,0,19,Escaping,"(49, 49)",RUNNING,8,95.76%
955,1,18,Escaping,"(49, 49)",RUNNING,8,95.92%
956,3,16,Escaping,"(49, 49)",RUNNING,8,95.92%
957,3,14,Escaping,"(49, 49)",RUNNING,8,95.92%
958,1,14,Escaping,"(49, 49)",RUNNING,8,95.92%
959,1,12,Escaping,"(49, 49)",RUNNING,8,95.92%
960,1,10,Escaping,"(49, 49)",RUNNING,8,95.92%
961,1,8,Escaping,"(49, 49)",RUNNING,8,95.92%
962,2,6,Escaping,"(49, 49)",RUNNING,8,95.92%
963,1,4,Escaping,"(49, 49)",RUNNING,8,95.92%
964,0,2,Escaping,"(49, 49)",RUNNING,8,95.92%
965,1,0,Escaping,"(49, 49)",RUNNING,8,95.92%
966,3,0,Escaping,"(49, 49)",RUNNING,8,95.92%
967,5,0,Escaping,"(49, 49)",RUNNING,8,95.92%
968,7,0,Escaping,"(49, 49)",RUNNING,8,95.92%
969,9,0,Escaping,"(49, 49)",RUNNING,8,96.00%
970,10,1,Escaping,"(49, 49)",RUNNING,8,96.16%
971,12,1,Escaping,"(49, 49)",RUNNING,8,96.28%
972,13,0,Escaping,"(49, 49)",RUNNING,8,96.60%
973,15,0,Escaping,"(49, 49)",RUNNING,8,96.72%
974,16,0,Escaping,"(49, 49)",RUNNING,8,96.96%
975,18,0,Escaping,"(49, 49)",RUNNING,8,97.00%
976,18,1,Escaping,"(49, 49)",RUNNING,8,97.08%
977,16,3,Escaping,"(49, 49)",RUNNING,8,97.16%
978,15,4,Escaping,"(49, 49)",RUNNING,8,97.48%
979,15,6,Escaping,"(49, 49)",RUNNING,8,97.56%
980,16,6,Escaping,"(49, 49)",SUCCESS,8,97.60%
981,14,5,Escaping,"(49, 49)",RUNNING,8,97.60%
982,16,3,Escaping,"(49, 49)",RUNNING,8,97.60%
983,18,1,Escaping,"(49, 49)",RUNNING,8,97.60%
984,20,0,Escaping,"(49, 49)",RUNNING,8,97.60%
985,21,0,Escaping,"(49, 49)",SUCCESS,8,97.68%
986,22,2,Escaping,"(49, 49)",RUNNING,8,97.80%
987,23,2,Escaping,"(49, 49)",RUNNING,8,98.08%
988,23,2,Escaping,"(49, 49)",RUNNING,8,98.28%
989,25,2,Escaping,"(49, 49)",RUNNING,8,98.28%
990,26,1,Escaping,"(49, 49)",SUCCESS,8,98.68%
991,28,0,Escaping,"(49, 49)",RUNNING,8,98.84%
992,28,1,Escaping,"(49, 49)",RUNNING,8,98.96%
993,28,1,Escaping,"(49, 49)",RUNNING,8,99.00%
994,30,3,Escaping,"(49, 49)",RUNNING,8,99.00%
995,30,3,Escaping,"(49, 49)",RUNNING,8,99.16%
996,30,5,Escaping,"(49, 49)",RUNNING,8,99.16%
997,30,5,Escaping,"(49, 49)",RUNNING,8,99.40%
998,32,7,Escaping,"(49, 49)",RUNNING,8,99.40%
999,30,8,Escaping,"(49, 49)",RUNNING,8,99.40%
1000,28,7,Escaping,"(49, 49)",RUNNING,8,99.40%
1001,27,6,Escaping,"(49, 49)",SUCCESS,8,99.68%
1002,26,8,Escaping,"(49, 49)",RUNNING,8,99.84%
1003,25,8,Escaping,"(49, 49)",RUNNING,8,99.92%
1004,24,6,Escaping,"(49, 49)",RUNNING,8,99.92%
1005,25,8,Escaping,"(49, 49)",RUNNING,8,100.00%
1006,27,6,Escaping,"(49, 49)",RUNNING,8,100.00%
1007,29,8,Escaping,"(49, 49)",RUNNING,8,100.00%
1008,31,8,Escaping,"(49, 49)",RUNNING,8,100.00%
1009,31,6,Escaping,"(49, 49)",RUNNING,8,100.00%
1010,30,4,Escaping,"(49, 49)",RUNNING,8,100.00%
1011,29,2,Escaping,"(49, 49)",RUNNING,8,100.00%
1012,27,0,Escaping,"(49, 49)",RUNNING,8,100.00%
1013,25,2,Escaping,"(49, 49)",RUNNING,8,100.00%
1014,23,2,Escaping,"(49, 49)",RUNNING,8,100.00%
1015,21,0,Escaping,"(49, 49)",RUNNING,8,100.00%
1016,19,0,Escaping,"(49, 49)",RUNNING,8,100.00%
1017,17,0,Escaping,"(49, 49)",RUNNING,8,100.00%
1018,15,0,Escaping,"(49, 49)",RUNNING,8,100.00%
1019,13,0,Escaping,"(49, 49)",RUNNING,8,100.00%
1020,11,2,Escaping,"(49, 49)",RUNNING,8,100.00%
1021,9,0,Escaping,"(49, 49)",RUNNING,8,100.00%
1022,7,0,Escaping,"(49, 49)",RUNNING,8,100.00%
1023,5,0,Escaping,"(49, 49)",RUNNING,8,100.00%
1024,3,0,Escaping,"(49, 49)",RUNNING,8,100.00%
1025,1,0,Escaping,"(49, 49)",RUNNING,8,100.00%
1026,1,2,Escaping,"(49, 49)",RUNNING,8,100.00%
1027,3,2,Escaping,"(49, 49)",RUNNING,8,100.00%
1028,5,2,Escaping,"(49, 49)",RUNNING,8,100.00%
1029,6,4,Escaping,"(49, 49)",RUNNING,8,100.00%
1030,6,6,Escaping,"(49, 49)",RUNNING,8,100.00%
1031,6,8,Escaping,"(49, 49)",RUNNING,8,100.00%
1032,6,10,Escaping,"(49, 49)",RUNNING,8,100.00%
1033,6,12,Escaping,"(49, 49)",RUNNING,8,100.00%
1034,6,14,Escaping,"(49, 49)",RUNNING,8,100.00%
1035,6,16,Escaping,"(49, 49)",RUNNING,8,100.00%
1036,5,18,Escaping,"(49, 49)",RUNNING,8,100.00%
1037,5,20,Escaping,"(49, 49)",RUNNING,8,100.00%
1038,7,20,Escaping,"(49, 49)",RUNNING,8,100.00%
1039,9,20,Escaping,"(49, 49)",RUNNING,8,100.00%
1040,11,20,Escaping,"(49, 49)",RUNNING,8,100.00%
1041,13,20,Escaping,"(49, 49)",RUNNING,8,100.00%
1042,15,20,Escaping,"(49, 49)",RUNNING,8,100.00%
1043,17,20,Escaping,"(49, 49)",RUNNING,8,100.00%
1044,17,22,Escaping,"(49, 49)",RUNNING,8,100.00%
1045,15,22,Escaping,"(49, 49)",RUNNING,8,100.00%
1046,15,24,Escaping,"(49, 49)",RUNNING,8,100.00%
1047,15,26,Escaping,"(49, 49)",RUNNING,8,100.00%
1048,14,28,Escaping,"(49, 49)",RUNNING,8,100.00%
1049,13,30,Escaping,"(49, 49)",RUNNING,8,100.00%
1050,11,30,Escaping,"(49, 49)",RUNNING,8,100.00%
1051,10,28,Escaping,"(49, 49)",RUNNING,8,100.00%
1052,11,26,Escaping,"(49, 49)",RUNNING,8,100.00%
1053,12,24,Escaping,"(49, 49)",RUNNING,8,100.00%
1054,11,22,Escaping,"(49, 49)",RUNNING,8,100.00%
1055,9,22,Escaping,"(49, 49)",RUNNING,8,100.00%
1056,7,22,Escaping,"(49, 49)",RUNNING,8,100.00%
1057,5,22,Escaping,"(49, 49)",RUNNING,8,100.00%
1058,3,24,Escaping,"(49, 49)",RUNNING,8,100.00%
1059,1,24,Escaping,"(49, 49)",RUNNING,8,100.00%
1060,0,26,Escaping,"(49, 49)",RUNNING,8,100.00%
1061,0,28,Escaping,"(49, 49)",RUNNING,8,100.00%
1062,1,30,Escaping,"(49, 49)",RUNNING,8,100.00%
1063,3,30,Escaping,"(49, 49)",RUNNING,8,100.00%
1064,5,30,Escaping,"(49, 49)",RUNNING,8,100.00%
1065,5,28,Escaping,"(49, 49)",RUNNING,8,100.00%
1066,5,26,Escaping,"(49, 49)",RUNNING,8,100.00%
1067,7,24,Escaping,"(49, 49)",RUNNING,8,100.00%
1068,8,26,Escaping,"(49, 49)",RUNNING,8,100.00%
1069,8,28,Escaping,"(49, 49)",RUNNING,8,100.00%
1070,8,30,Escaping,"(49, 49)",RUNNING,8,100.00%
1071,7,32,Escaping,"(49, 49)",RUNNING,8,100.00%
1072,5,34,Escaping,"(49, 49)",RUNNING,8,100.00%
1073,4,36,Escaping,"(49, 49)",RUNNING,8,100.00%
1074,4,38,Escaping,"(49, 49)",RUNNING,8,100.00%
1075,5,40,Escaping,"(49, 49)",RUNNING,8,100.00%
1076,7,40,Escaping,"(49, 49)",RUNNING,8,100.00%
1077,9,40,Escaping,"(49, 49)",RUNNING,8,100.00%
1078,10,38,Escaping,"(49, 49)",RUNNING,8,100.00%
1079,11,36,Escaping,"(49, 49)",RUNNING,8,100.00%
1080,12,38,Escaping,"(49, 49)",RUNNING,8,100.00%
1081,12,40,Escaping,"(49, 49)",RUNNING,8,100.00%
1082,11,42,Escaping,"(49, 49)",RUNNING,8,100.00%
1083,10,44,Escaping,"(49, 49)",RUNNING,8,100.00%
1084,11,46,Escaping,"(49, 49)",RUNNING,8,100.00%
1085,13,44,Escaping,"(49, 49)",RUNNING,8,100.00%
1086,15,44,Escaping,"(49, 49)",RUNNING,8,100.00%
1087,17,42,Escaping,"(49, 49)",RUNNING,8,100.00%
1088,19,44,Escaping,"(49, 49)",RUNNING,8,100.00%
1089,21,46,Escaping,"(49, 49)",RUNNING,8,100.00%
1090,23,46,Escaping,"(49, 49)",RUNNING,8,100.00%
1091,25,48,Escaping,"(49, 49)",RUNNING,8,100.00%
1092,27,48,Escaping,"(49, 49)",RUNNING,8,100.00%
1093,29,48,Escaping,"(49, 49)",RUNNING,8,100.00%
1094,31,48,Escaping,"(49, 49)",RUNNING,8,100.00%
1095,33,46,Escaping,"(49, 49)",RUNNING,8,100.00%
1096,35,46,Escaping,"(49, 49)",RUNNING,8,100.00%
1097,37,46,Escaping,"(49, 49)",RUNNING,8,100.00%
1098,39,48,Escaping,"(49, 49)",RUNNING,8,100.00%
1099,41,48,Escaping,"(49, 49)",RUNNING,8,100.00%
1100,41,46,Escaping,"(49, 49)",RUNNING,8,100.00%
1101,40,44,Escaping,"(49, 49)",RUNNING,8,100.00%
1102,40,42,Escaping,"(49, 49)",RUNNING,8,100.00%
1103,40,40,Escaping,"(49, 49)",RUNNING,8,100.00%
1104,41,38,Escaping,"(49, 49)",RUNNING,8,100.00%
1105,41,36,Escaping,"(49, 49)",RUNNING,8,100.00%
1106,41,34,Escaping,"(49, 49)",RUNNING,8,100.00%
1107,43,34,Escaping,"(49, 49)",RUNNING,8,100.00%
1108,45,32,Escaping,"(49, 49)",RUNNING,8,100.00%
1109,47,32,Escaping,"(49, 49)",RUNNING,8,100.00%
1110,48,34,Escaping,"(49, 49)",RUNNING,8,100.00%
1111,47,36,Escaping,"(49, 49)",RUNNING,8,100.00%
1112,45,38,Escaping,"(49, 49)",RUNNING,8,100.00%
1113,43,40,Escaping,"(49, 49)",RUNNING,8,100.00%
1114,42,42,Escaping,"(49, 49)",RUNNING,8,100.00%
1115,43,44,Escaping,"(49, 49)",RUNNING,8,100.00%
1116,45,44,Escaping,"(49, 49)",RUNNING,8,100.00%
1117,47,44,Escaping,"(49, 49)",RUNNING,8,100.00%
1118,48,46,Escaping,"(49, 49)",RUNNING,8,100.00%
1119,48,48,Escaping,"(49, 49)",RUNNING,8,100.00%
1120,49,49,Escaping,"(49, 49)",SUCCESS,8,100.00%
